"","District","DisaggregationCategory","Category","MathScores2019","ELAScores2019","MathScores2022","ELAScores2022","TotalEnrollment","Blended","PercentBlended","Remote","PercentRemote","remote_cat"
"1","1","English Language Learner Status","ELL","604.901772427697","599.747109961157","604.167012439457","602.52254235041","908","235","25.9","673","74.1","High"
"2","1","English Language Learner Status","Not ELL","603.95721400978","606.117786776444","600.664937679363","605.536302949589","9641","2800","29","6841","71","Middle"
"3","1","Gender","Female","604.992963863494","608.89795392398","601.509349449209","608.13571579013","5042","1455","28.9","3587","71.1","Middle"
"4","1","Gender","Male","603.307252127006","601.776491736491","600.979984424203","602.39586509346","5507","1580","28.7","3927","71.3","Middle"
"5","1","Grade Level","3","605.5933228","606.7185059","599.6660156","603.6296997","784","281","35.8","503","64.2","Middle"
"6","1","Grade Level","4","603.5265503","604.5339355","598.0969849","600.9227905","772","283","36.7","489","63.3","Middle"
"7","1","Grade Level","5","602.8304443","603.5418091","603.305603","605.8739014","787","228","29","559","71","Middle"
"8","1","Grade Level","6","604.7839966","604.2026978","605.1715698","607.6148682","753","166","22","587","78","High"
"9","1","Grade Level","7","604.7492676","608.3583374","600.4692993","607.9724731","752","148","19.7","604","80.3","High"
"10","1","Grade Level","8","602.7237549","603.5318604","599.2103271","604.0621338","753","145","19.3","608","80.7","High"
"11","1","Race or Ethnicity","Asian","620.441697760426","615.716900723681","619.118461000689","617.197124509791","2198","447","20.3","1751","79.7","High"
"12","1","Race or Ethnicity","Black","588.945904239508","592.730408673824","583.560075109657","592.036821828101","1580","454","28.7","1126","71.3","Middle"
"13","1","Race or Ethnicity","Hispanic","594.593717733082","596.711966209058","589.383745263872","595.538762469068","4349","1241","28.5","3108","71.5","Middle"
"14","1","Race or Ethnicity","White","616.519930197239","619.082644802342","614.877889585474","618.26690573053","1949","725","37.2","1224","62.8","Middle"
"15","1","total","total","604.0385","605.5694","600.9664","605.2769","10549","3035","28.77","7514","71.23","Middle"
"16","2","English Language Learner Status","ELL","611.338902645992","605.934981610251","607.304696700972","608.164974460406","4805","1575","32.8","3230","67.2","Middle"
"17","2","English Language Learner Status","Not ELL","614.217495701115","614.808878008325","610.373460063195","614.654086299065","54489","17710","32.5","36779","67.5","Middle"
"18","2","Gender","Female","614.16974558831","616.238352990153","609.679399175022","616.449704142024","30930","9741","31.5","21189","68.5","Middle"
"19","2","Gender","Male","613.249690763924","610.536952997671","610.060481670544","610.797992202529","28364","9544","33.6","18820","66.4","Middle"
"20","2","Grade Level","3","613.4779663","611.9870605","609.3497925","612.4002686","2583","1451","56.2","1132","43.8","Low"
"21","2","Grade Level","4","614.6050415","614.2581787","611.5425415","612.7216187","2523","1413","56","1110","44","Low"
"22","2","Grade Level","5","613.6662598","614.9031372","610.1876831","613.8668823","2474","1406","56.8","1068","43.2","Low"
"23","2","Grade Level","6","613.1370239","613.0879517","609.571167","615.1929932","2626","1293","49.2","1333","50.8","Low"
"24","2","Grade Level","7","616.0195923","615.0189819","610.8308105","616.6065674","2633","1069","40.6","1564","59.4","Middle"
"25","2","Grade Level","8","609.145752","610.6134644","601.4454346","611.0227051","2676","1078","40.3","1598","59.7","Middle"
"26","2","Race or Ethnicity","Asian","620.220219766403","615.473049007524","617.334558828267","616.547173028217","13105","2865","21.9","10240","78.1","High"
"27","2","Race or Ethnicity","Black","593.443087578363","596.57323937434","588.101684109126","597.696588781591","8256","2030","24.6","6226","75.4","High"
"28","2","Race or Ethnicity","Hispanic","600.558693191539","603.803054719695","596.339131583492","604.209679444222","19530","4700","24.1","14830","75.9","High"
"29","2","Race or Ethnicity","White","617.437611623747","617.862244052181","612.938493717531","617.396046339094","15265","8344","54.7","6921","45.3","Low"
"30","2","total","total","613.9842","614.0898","610.1248","614.1282","59294","19285","32.52","40009","67.48","Middle"
"31","3","English Language Learner Status","ELL","598.413459855048","596.238264130927","595.024645747711","599.661673067167","941","388","41.2","553","58.8","Middle"
"32","3","English Language Learner Status","Not ELL","608.608703251037","610.634198726997","604.930145606038","610.443778272845","19424","8137","41.9","11287","58.1","Middle"
"33","3","Gender","Female","608.349491255947","612.289947174598","603.72360910317","612.491550550878","11026","4496","40.8","6530","59.2","Middle"
"34","3","Gender","Male","606.452244638067","605.845127125555","604.057299708905","606.403394819072","9339","4029","43.1","5310","56.9","Middle"
"35","3","Grade Level","3","607.4102173","607.3839722","604.9897461","609.0361328","1123","682","60.7","441","39.3","Low"
"36","3","Grade Level","4","611.135498","610.9041748","605.8377686","607.6842041","1182","634","53.6","548","46.4","Low"
"37","3","Grade Level","5","606.7301636","609.5604858","604.7033691","609.234375","1252","682","54.5","570","45.5","Low"
"38","3","Grade Level","6","607.0255127","607.9853516","602.3605957","609.769165","1322","613","46.4","709","53.6","Low"
"39","3","Grade Level","7","608.7866211","610.6403198","605.4936523","613.2504272","1342","514","38.3","828","61.7","Middle"
"40","3","Grade Level","8","595.5626221","608.4425049","588.2571411","607.2299805","1424","605","42.5","819","57.5","Middle"
"41","3","Race or Ethnicity","Asian","624.785852714532","622.863714215503","621.546224146639","622.533560473866","1972","769","39","1203","61","Middle"
"42","3","Race or Ethnicity","Black","591.77754882517","595.795540939653","585.964357229925","595.373886470803","3881","1228","31.6","2653","68.4","Middle"
"43","3","Race or Ethnicity","Hispanic","597.911445102643","599.272563580422","593.404212941042","600.501887851595","6593","1986","30.1","4607","69.9","Middle"
"44","3","Race or Ethnicity","White","619.547616655","620.373643939357","616.244123585342","619.457695202148","6523","3844","58.9","2679","41.1","Low"
"45","3","total","total","608.1376","609.969","604.4724","609.9456","20365","8525","41.86","11840","58.14","Middle"
"46","4","English Language Learner Status","ELL","591.692708252621","591.11729596217","590.345544402356","595.175961185997","1187","492","41.4","695","58.6","Middle"
"47","4","English Language Learner Status","Not ELL","597.64100130291","600.111082050948","593.995902877789","601.165375727284","10547","3237","30.7","7310","69.3","Middle"
"48","4","Gender","Female","597.019461580116","601.665283528229","593.486820343895","603.027610048339","6125","1828","29.8","4297","70.2","Middle"
"49","4","Gender","Male","595.8853337405","595.024484979219","592.987411160536","596.802464453366","5609","1901","33.9","3708","66.1","Middle"
"50","4","Grade Level","3","597.8900757","598.6746826","597.5806274","600.7542725","729","264","36.2","465","63.8","Middle"
"51","4","Grade Level","4","596.1378784","598.3765259","588.7061768","591.4525757","775","265","34.2","510","65.8","Middle"
"52","4","Grade Level","5","595.3717041","596.1594238","594.5299683","599.9816284","871","286","32.8","585","67.2","Middle"
"53","4","Grade Level","6","597.583313","597.1676025","592.1664429","601.5283203","976","313","32.1","663","67.9","Middle"
"54","4","Grade Level","7","596.8653564","599.7505493","594.1289673","604.1307983","944","298","31.6","646","68.4","Middle"
"55","4","Grade Level","8","593.6358032","600.0296021","591.048645","599.7803955","954","312","32.7","642","67.3","Middle"
"56","4","Race or Ethnicity","Asian","618.897358205279","617.682302333854","620.782595438796","620.297305006607","1153","191","16.6","962","83.4","High"
"57","4","Race or Ethnicity","Black","592.10852070209","595.038517757259","585.89382275753","595.197336214801","2751","871","31.7","1880","68.3","Middle"
"58","4","Race or Ethnicity","Hispanic","594.259123308649","595.911194785746","590.391929809729","597.530682542341","6872","2278","33.1","4594","66.9","Middle"
"59","4","Race or Ethnicity","White","613.427842620103","614.749985915566","612.43646139116","616.121815000508","612","264","43.1","348","56.9","Middle"
"60","4","total","total","597.0393","599.2013","593.6266","600.5595","11734","3729","31.78","8005","68.22","Middle"
"61","5","English Language Learner Status","ELL","587.530176722249","585.329624067531","583.999999582474","587.190553584091","786","290","36.9","496","63.1","Middle"
"62","5","English Language Learner Status","Not ELL","590.534742433575","593.804419785411","584.744826740958","593.917517235563","8462","2224","26.3","6238","73.7","High"
"63","5","Gender","Female","590.433473963112","596.019515549333","584.47669217613","595.790384264439","4278","1218","28.5","3060","71.5","Middle"
"64","5","Gender","Male","589.556628031921","589.147578510756","584.714517445327","590.40291531477","4970","1296","26.1","3674","73.9","High"
"65","5","Grade Level","3","590.8724976","591.9398804","587.3660889","589.6481323","578","201","34.8","377","65.2","Middle"
"66","5","Grade Level","4","590.1203003","588.8436279","581.3831177","585.5079346","637","243","38.1","394","61.9","Middle"
"67","5","Grade Level","5","588.6210938","591.0459595","583.7453003","591.7184448","689","237","34.4","452","65.6","Middle"
"68","5","Grade Level","6","592.9262695","594.2591553","583.480835","594.7770386","665","198","29.8","467","70.2","Middle"
"69","5","Grade Level","7","590.1027222","594.3046875","587.8931885","598.2592773","642","174","27.1","468","72.9","Middle"
"70","5","Grade Level","8","586.6067505","593.6607666","582.9974976","594.5938721","701","152","21.7","549","78.3","High"
"71","5","Race or Ethnicity","Asian","605.9062588875","602.494953806061","602.481477708642","607.630430145652","363","65","17.9","298","82.1","High"
"72","5","Race or Ethnicity","Black","587.082890888289","590.677283522622","580.719811862595","590.043606736369","4229","1159","27.4","3070","72.6","Middle"
"73","5","Race or Ethnicity","Hispanic","590.423340827101","591.928895505909","585.097465039831","592.124914526636","3756","998","26.6","2758","73.4","High"
"74","5","Race or Ethnicity","White","605.189472721053","605.133014857635","600.56249694375","608.715731391878","623","227","36.4","396","63.6","Middle"
"75","5","total","total","590.2794","593.0841","584.6815","593.3458","9248","2514","27.18","6734","72.82","Middle"
"76","6","English Language Learner Status","ELL","591.641875215315","588.837034000175","586.183113395672","589.044442475556","4957","1737","35","3220","65","Middle"
"77","6","English Language Learner Status","Not ELL","601.427180604259","601.571742581096","594.485297273719","600.638526696485","14184","4025","28.4","10159","71.6","Middle"
"78","6","Gender","Female","597.478267606865","599.042511540457","590.958618672668","599.2652392629","9374","2731","29.1","6643","70.9","Middle"
"79","6","Gender","Male","596.17119556437","592.872874946713","591.012543804954","593.050486081705","9767","3031","31","6736","69","Middle"
"80","6","Grade Level","3","597.1355591","596.3584595","591.571167","594.5287476","1429","592","41.4","837","58.6","Middle"
"81","6","Grade Level","4","595.4514771","595.0094604","587.5477295","590.1452637","1521","582","38.3","939","61.7","Middle"
"82","6","Grade Level","5","596.3905029","595.3410645","589.4130859","597.2619629","1519","572","37.7","947","62.3","Middle"
"83","6","Grade Level","6","595.1483765","593.934082","589.7367554","598.1865845","1391","366","26.3","1025","73.7","High"
"84","6","Grade Level","7","597.0019531","596.0489502","592.9520874","600.935791","1424","357","25.1","1067","74.9","High"
"85","6","Grade Level","8","600.6170654","598.6754761","596.7334595","595.3833618","1534","397","25.9","1137","74.1","High"
"86","6","Race or Ethnicity","Asian","610.173547154546","607.374993376667","604.736276467033","603.670106852577","298","91","30.5","207","69.5","Middle"
"87","6","Race or Ethnicity","Black","593.387715481356","594.70416498875","585.400623216088","593.562503642262","1375","293","21.3","1082","78.7","High"
"88","6","Race or Ethnicity","Hispanic","595.787982787914","594.480602374541","589.535171277759","594.451300310366","16061","4646","28.9","11415","71.1","Middle"
"89","6","Race or Ethnicity","White","611.067918675283","612.602919584153","605.462880620742","610.975555362118","1104","601","54.4","503","45.6","Low"
"90","6","total","total","598.8931","598.2738","592.3353","597.636","19141","5762","30.1","13379","69.9","Middle"
"91","7","English Language Learner Status","ELL","590.204340087246","588.864914631361","584.102896642379","589.736796338972","2671","1214","45.5","1457","54.5","Low"
"92","7","English Language Learner Status","Not ELL","590.352103526052","593.187507378639","584.93533350541","593.33637393613","14000","4391","31.4","9609","68.6","Middle"
"93","7","Gender","Female","591.21422210003","595.721920126268","584.432998321007","595.135381350545","7791","2543","32.6","5248","67.4","Middle"
"94","7","Gender","Male","589.491416957389","588.63081746757","584.946645097575","589.817146892233","8880","3062","34.5","5818","65.5","Middle"
"95","7","Grade Level","3","591.5457764","595.3115845","584.7958984","589.3586426","1058","424","40.1","634","59.9","Middle"
"96","7","Grade Level","4","589.9122925","592.5040283","581.7770996","584.7941895","1048","433","41.3","615","58.7","Middle"
"97","7","Grade Level","5","591.1897583","591.4945068","582.4677124","591.9122925","1156","432","37.4","724","62.6","Middle"
"98","7","Grade Level","6","590.3626709","588.9221802","584.7370605","595.0099487","1063","324","30.5","739","69.5","Middle"
"99","7","Grade Level","7","589.8960571","590.5132446","586.1364746","599.1760864","1034","284","27.5","750","72.5","Middle"
"100","7","Grade Level","8","588.8388672","592.9577637","588.4867554","593.6611938","1078","322","29.9","756","70.1","Middle"
"101","7","Race or Ethnicity","Asian","599.861116208333","592.945200464384",NA,NA,"197","46","23.4","151","76.6","High"
"102","7","Race or Ethnicity","Black","587.951551671933","591.220054783958","582.760638899734","592.138726768442","4329","1471","34","2858","66","Middle"
"103","7","Race or Ethnicity","Hispanic","591.036277717021","592.283853746154","585.32844150021","592.459310977825","11621","3921","33.7","7700","66.3","Middle"
"104","7","Race or Ethnicity","White","592.456300003883","590.476184088571",NA,NA,"266","91","34.2","175","65.8","Middle"
"105","7","total","total","590.3284","592.4949","584.802","592.7597","16671","5605","33.62","11066","66.38","Middle"
"106","8","English Language Learner Status","ELL","592.102452285507","587.645403379555","584.211782953003","589.043169593504","3492","1359","38.9","2133","61.1","Middle"
"107","8","English Language Learner Status","Not ELL","596.502512368977","596.171725419153","589.069539574377","595.645889391191","20956","5592","26.7","15364","73.3","Middle"
"108","8","Gender","Female","596.241089715526","597.582434446604","587.923846710837","597.492500137832","11960","3353","28","8607","72","Middle"
"109","8","Gender","Male","594.752472513194","591.199191028416","587.776064477851","591.007989950408","12488","3598","28.8","8890","71.2","Middle"
"110","8","Grade Level","3","595.2133789","595.4329834","587.3399048","589.7920532","1812","598","33","1214","67","Middle"
"111","8","Grade Level","4","593.9286499","593.2597046","585.4425659","586.984314","1911","566","29.6","1345","70.4","Middle"
"112","8","Grade Level","5","595.7642822","595.5134277","588.696167","594.307312","2040","607","29.8","1433","70.2","Middle"
"113","8","Grade Level","6","594.6849976","592.6297607","587.9171753","596.1896973","1979","617","31.2","1362","68.8","Middle"
"114","8","Grade Level","7","594.4546509","593.1367798","588.3442383","600.0141602","1913","439","22.9","1474","77.1","High"
"115","8","Grade Level","8","598.7129517","595.8024292","589.4032593","596.5258789","2045","514","25.1","1531","74.9","High"
"116","8","Race or Ethnicity","Asian","611.871565222444","606.800263979513","603.873895963057","607.379566774275","1687","278","16.5","1409","83.5","High"
"117","8","Race or Ethnicity","Black","590.895401313685","591.318662008212","583.267348033725","590.093208274562","5013","1523","30.4","3490","69.6","Middle"
"118","8","Race or Ethnicity","Hispanic","594.53932151219","593.485100597702","586.591467551485","593.051974415651","15939","4589","28.8","11350","71.2","Middle"
"119","8","Race or Ethnicity","White","602.275055110797","599.195563950978","594.978266506884","601.284442488163","1383","463","33.5","920","66.5","Middle"
"120","8","total","total","595.874","594.9539","588.3757","594.7028","24448","6951","28.43","17497","71.57","Middle"
"121","9","English Language Learner Status","ELL","589.97344335177","587.672368397152","585.161552390024","589.80389840233","6532","2464","37.7","4068","62.3","Middle"
"122","9","English Language Learner Status","Not ELL","593.305051905854","593.885475089703","586.888866202148","593.894774293955","22585","6446","28.5","16139","71.5","Middle"
"123","9","Gender","Female","593.844806185803","595.707616373131","586.882414292904","595.825310562168","14442","4345","30.1","10097","69.9","Middle"
"124","9","Gender","Male","590.305934235008","587.836040099013","585.650716532773","589.261359325681","14675","4565","31.1","10110","68.9","Middle"
"125","9","Grade Level","3","591.7966919","592.9039307","586.116333","588.7076416","2279","773","33.9","1506","66.1","Middle"
"126","9","Grade Level","4","591.6835327","591.8237305","582.4327393","585.4176025","2325","787","33.8","1538","66.2","Middle"
"127","9","Grade Level","5","592.0635986","591.3475952","585.0939941","593.2536621","2409","796","33","1613","67","Middle"
"128","9","Grade Level","6","589.9751587","587.557373","584.5491333","593.6621704","2216","620","28","1596","72","Middle"
"129","9","Grade Level","7","592.5123291","592.4033813","589.213562","598.5314941","2399","627","26.1","1772","73.9","High"
"130","9","Grade Level","8","594.2959595","593.7698364","590.5955811","594.9266968","2445","635","26","1810","74","High"
"131","9","Race or Ethnicity","Asian","606.144507974567","602.320225417416","601.500002127193","602.732760206035","404","118","29.2","286","70.8","Middle"
"132","9","Race or Ethnicity","Black","591.260536951681","591.816646641318","585.248250459958","592.693408604399","7633","2593","34","5040","66","Middle"
"133","9","Race or Ethnicity","Hispanic","592.080793070304","591.390613219314","586.325345592536","592.177268385107","20379","5971","29.3","14408","70.7","Middle"
"134","9","Race or Ethnicity","White","591.941797329101","590.906242378125","587.095821549701","593.293755735","410","139","33.9","271","66.1","Middle"
"135","9","total","total","592.5577","592.4916","586.5014","592.977","29117","8910","30.6","20207","69.4","Middle"
"136","10","English Language Learner Status","ELL","588.836533748374","587.585729125422","583.167812500156","588.381008983769","10145","3573","35.2","6572","64.8","Middle"
"137","10","English Language Learner Status","Not ELL","595.386057067598","596.965771528621","589.669771113387","597.18443070962","38065","10699","28.1","27366","71.9","Middle"
"138","10","Gender","Female","593.453349653896","596.677945299031","587.359449941461","597.510037811862","23592","6992","29.6","16600","70.4","Middle"
"139","10","Gender","Male","592.331979560802","590.576014543082","587.31272671461","590.917796469629","24618","7280","29.6","17338","70.4","Middle"
"140","10","Grade Level","3","591.644165","593.3389282","587.1689453","591.2023926","3707","1384","37.3","2323","62.7","Middle"
"141","10","Grade Level","4","593.1875","593.6726685","584.2894287","587.9749146","3734","1268","34","2466","66","Middle"
"142","10","Grade Level","5","592.4763794","594.0806274","584.7993774","593.4691162","3761","1293","34.4","2468","65.6","Middle"
"143","10","Grade Level","6","591.8255615","591.4261475","587.1730347","595.8971558","3663","1121","30.6","2542","69.4","Middle"
"144","10","Grade Level","7","592.4355469","593.5001221","590.121521","600.7832031","3538","1000","28.3","2538","71.7","Middle"
"145","10","Grade Level","8","596.5674438","595.4413452","591.6433716","595.3204956","3734","1088","29.1","2646","70.9","Middle"
"146","10","Race or Ethnicity","Asian","606.880315220791","604.901586773161","604.057666621941","608.55362675067","3833","536","14","3297","86","High"
"147","10","Race or Ethnicity","Black","590.350488017645","592.884331880312","584.808522808271","593.577589828252","7087","2183","30.8","4904","69.2","Middle"
"148","10","Race or Ethnicity","Hispanic","591.825305014534","592.424132135802","586.135727076035","592.821199879972","33706","10104","30","23602","70","Middle"
"149","10","Race or Ethnicity","White","604.354536867466","603.191904581639","600.543020139069","605.035671429172","2767","1208","43.7","1559","56.3","Middle"
"150","10","total","total","594.0078","594.9919","588.3015","595.3319","48210","14272","29.6","33938","70.4","Middle"
"151","11","English Language Learner Status","ELL","590.71397988995","588.408600078069","586.409339219572","589.981019630899","4293","1684","39.2","2609","60.8","Middle"
"152","11","English Language Learner Status","Not ELL","594.807836628009","596.798352922846","590.763220606827","597.075749288003","29943","9353","31.2","20590","68.8","Middle"
"153","11","Gender","Female","595.049305949631","598.70616605798","590.261314180705","599.307784642658","16362","5195","31.8","11167","68.2","Middle"
"154","11","Gender","Male","593.015113482563","592.004639880262","589.48851740972","592.391022862878","17874","5842","32.7","12032","67.3","Middle"
"155","11","Grade Level","3","593.0861206","594.8656006","589.7617188","592.0844116","2737","972","35.5","1765","64.5","Middle"
"156","11","Grade Level","4","593.7794189","593.4625854","587.817688","589.0848389","2770","945","34.1","1825","65.9","Middle"
"157","11","Grade Level","5","592.6885376","595.4972534","587.5687866","595.8356934","3000","1052","35.1","1948","64.9","Middle"
"158","11","Grade Level","6","593.5741577","593.8793945","590.1289063","597.8297729","2890","961","33.3","1929","66.7","Middle"
"159","11","Grade Level","7","595.1204834","595.9492188","593.2486572","601.8880005","2928","941","32.1","1987","67.9","Middle"
"160","11","Grade Level","8","596.0875854","597.9966431","590.9987793","597.2036743","3171","1087","34.3","2084","65.7","Middle"
"161","11","Race or Ethnicity","Asian","606.304405784843","603.566527430584","601.22835963593","603.743168755118","3102","799","25.8","2303","74.2","High"
"162","11","Race or Ethnicity","Black","591.684757986136","594.631167994934","587.100108491565","595.016878002958","12247","4063","33.2","8184","66.8","Middle"
"163","11","Race or Ethnicity","Hispanic","591.785583671016","593.025677286189","587.516702636226","593.208161840163","15033","4521","30.1","10512","69.9","Middle"
"164","11","Race or Ethnicity","White","601.233408593306","598.844221713069","596.886967642622","600.069575743272","3086","1432","46.4","1654","53.6","Low"
"165","11","total","total","594.2945","595.7463","590.2173","596.1861","34236","11037","32.24","23199","67.76","Middle"
"166","12","English Language Learner Status","ELL","586.374658734613","584.656883983508","582.561448619697","586.538462980239","3932","1686","42.9","2246","57.1","Middle"
"167","12","English Language Learner Status","Not ELL","590.43656826942","591.38307323825","585.06592434466","592.178389148709","14793","4723","31.9","10070","68.1","Middle"
"168","12","Gender","Female","589.974786496618","592.972936341401","584.371412485383","593.546202512617","9172","3016","32.9","6156","67.1","Middle"
"169","12","Gender","Male","588.487362117688","586.215338515986","584.215316684474","587.658222785782","9553","3393","35.5","6160","64.5","Middle"
"170","12","Grade Level","3","590.2354126","590.8560181","585.6273804","588.1470337","1520","602","39.6","918","60.4","Middle"
"171","12","Grade Level","4","588.5351563","588.7579346","580.7561646","583.8285522","1568","585","37.3","983","62.7","Middle"
"172","12","Grade Level","5","588.1855469","589.6517334","582.5640869","591.7355347","1692","612","36.2","1080","63.8","Middle"
"173","12","Grade Level","6","587.1348267","586.4556274","581.8959351","591.9570923","1419","407","28.7","1012","71.3","Middle"
"174","12","Grade Level","7","588.5447998","588.2167358","586.0279541","595.5473633","1458","386","26.5","1072","73.5","High"
"175","12","Grade Level","8","592.8547363","592.4622803","589.6251221","592.0934448","1502","420","28","1082","72","Middle"
"176","12","Race or Ethnicity","Asian","599.23987000946","597.202847831317","594.514892050638","595.440182428205","594","172","29","422","71","Middle"
"177","12","Race or Ethnicity","Black","587.549257143243","589.219896997164","582.959894817363","590.862509635272","4387","1538","35.1","2849","64.9","Middle"
"178","12","Race or Ethnicity","Hispanic","589.269325392902","589.235325196459","584.214972803958","590.110354190101","13140","4518","34.4","8622","65.6","Middle"
"179","12","Race or Ethnicity","White","587.328863977852","586.673211402614","584.952750143307","591.091605848092","281","87","31","194","69","Middle"
"180","12","total","total","589.5836","589.9707","584.54","590.9941","18725","6409","34.23","12316","65.77","Middle"
"181","13","English Language Learner Status","ELL","591.708241319059","590.148679159472","584.831841373273","593.821548211385","870","415","47.7","455","52.3","Low"
"182","13","English Language Learner Status","Not ELL","598.512738033214","601.498399004656","595.035113107435","603.165406171341","19228","5115","26.6","14113","73.4","High"
"183","13","Gender","Female","598.245135481637","603.372960890446","593.807227720522","604.957954155687","9527","2723","28.6","6804","71.4","Middle"
"184","13","Gender","Male","597.532123548642","597.621855728697","594.289714464065","599.792141636691","10571","2807","26.6","7764","73.4","High"
"185","13","Grade Level","3","599.9955444","602.1767578","598.211792","603.3814087","1013","478","47.2","535","52.8","Low"
"186","13","Grade Level","4","600.442627","603.5753174","595.541748","600.2167969","970","468","48.2","502","51.8","Low"
"187","13","Grade Level","5","600.218811","602.2225952","595.1008301","603.3832397","960","429","44.7","531","55.3","Low"
"188","13","Grade Level","6","591.7478027","593.8560791","592.0652466","601.9840088","679","191","28.1","488","71.9","Middle"
"189","13","Grade Level","7","595.819397","599.6825562","589.4246216","605.5582275","662","158","23.9","504","76.1","High"
"190","13","Grade Level","8","595.6404419","598.757019","586.0635986","599.9093018","673","169","25.1","504","74.9","High"
"191","13","Race or Ethnicity","Asian","608.602411853012","604.852829943019","600.627772367778","606.354840002688","4318","402","9.3","3916","90.7","High"
"192","13","Race or Ethnicity","Black","593.994513114174","597.100597650493","587.4825231598","597.746421818732","7917","2201","27.8","5716","72.2","Middle"
"193","13","Race or Ethnicity","Hispanic","594.163058028483","597.01933905224","588.110812622034","597.413765358022","3509","1171","33.4","2338","66.6","Middle"
"194","13","Race or Ethnicity","White","611.689604243192","614.275281827809","610.466934330661","614.944814683706","3469","1465","42.2","2004","57.8","Middle"
"195","13","total","total","598.2182","601.0071","594.5934","602.7609","20098","5530","27.52","14568","72.48","Middle"
"196","14","English Language Learner Status","ELL","594.206143017542","592.684493334933","589.720159291271","595.186045363234","1708","738","43.2","970","56.8","Middle"
"197","14","English Language Learner Status","Not ELL","598.541806184706","600.35018996941","594.400304759222","601.066471885318","14987","5157","34.4","9830","65.6","Middle"
"198","14","Gender","Female","597.950877084633","601.686866234762","593.182534564271","602.486401992749","7910","2702","34.2","5208","65.8","Middle"
"199","14","Gender","Male","597.335918250152","595.898258525991","593.773786405534","597.493564838471","8785","3193","36.3","5592","63.7","Middle"
"200","14","Grade Level","3","599.685791","600.0110474","594.3879395","597.5425415","1092","486","44.5","606","55.5","Low"
"201","14","Grade Level","4","600.0974731","598.7171021","590.0473022","593.4031982","1107","477","43.1","630","56.9","Middle"
"202","14","Grade Level","5","597.4924927","599.2998047","595.1564941","602.5799561","1104","431","39","673","61","Middle"
"203","14","Grade Level","6","595.3768921","597.2526855","593.5493774","603.0713501","1138","424","37.3","714","62.7","Middle"
"204","14","Grade Level","7","598.3164673","599.1547852","596.1289673","605.8497925","1181","375","31.8","806","68.2","Middle"
"205","14","Grade Level","8","593.1450806","598.5103149","585.0251465","597.6779785","1206","435","36.1","771","63.9","Middle"
"206","14","Race or Ethnicity","Asian","612.714918982456","608.703262956098","612.036368821818","611.614591286458","1026","199","19.4","827","80.6","High"
"207","14","Race or Ethnicity","Black","591.29278625009","594.095361692658","585.055348598111","592.64402604192","3364","992","29.5","2372","70.5","Middle"
"208","14","Race or Ethnicity","Hispanic","595.128872907129","596.123449924637","589.85891147622","596.864973609286","9257","3078","33.3","6179","66.7","Middle"
"209","14","Race or Ethnicity","White","611.314764554973","611.839838083283","607.65343979418","612.837133247722","2566","1469","57.2","1097","42.8","Low"
"210","14","total","total","598.0982","599.5659","593.9215","600.4649","16695","5895","35.31","10800","64.69","Middle"
"211","15","English Language Learner Status","ELL","599.654325533365","595.922581135479","595.712950757598","597.721081710489","4357","1879","43.1","2478","56.9","Middle"
"212","15","English Language Learner Status","Not ELL","607.593078979579","609.508321914821","604.118058074245","609.183454233259","25641","11756","45.8","13885","54.2","Low"
"213","15","Gender","Female","604.76236548011","607.845075637549","601.143321882202","608.764006394618","15038","6776","45.1","8262","54.9","Low"
"214","15","Gender","Male","604.962628953638","602.235211158941","601.982974406374","603.062503983873","14960","6859","45.8","8101","54.2","Low"
"215","15","Grade Level","3","605.6825562","603.0239868","602.6132813","605.2484741","2694","1331","49.4","1363","50.6","Low"
"216","15","Grade Level","4","605.5119629","604.293396","601.9732056","604.2503662","2703","1302","48.2","1401","51.8","Low"
"217","15","Grade Level","5","605.7792969","605.4378052","602.4943237","606.7009888","2622","1340","51.1","1282","48.9","Low"
"218","15","Grade Level","6","603.1939697","603.7003174","600.7805176","607.3201904","2090","865","41.4","1225","58.6","Middle"
"219","15","Grade Level","7","607.5932617","610.1160889","601.4182739","608.2373657","2083","766","36.8","1317","63.2","Middle"
"220","15","Grade Level","8","593.7503662","604.6798096","584.9030762","603.1229248","2212","909","41.1","1303","58.9","Middle"
"221","15","Race or Ethnicity","Asian","612.313633771937","605.699490875817","609.761500264509","608.230482128159","4922","1102","22.4","3820","77.6","High"
"222","15","Race or Ethnicity","Black","595.419091115942","599.388044418152","589.53747705521","598.337525101255","3953","1196","30.3","2757","69.7","Middle"
"223","15","Race or Ethnicity","Hispanic","595.399089993862","596.915672146579","590.000959386002","596.919193146626","10833","5084","46.9","5749","53.1","Low"
"224","15","Race or Ethnicity","White","613.6490541411","615.152926444513","609.839190291782","614.495367955281","8856","5450","61.5","3406","38.5",NA
"225","15","total","total","606.44","607.5351","602.8973","607.5186","29998","13635","45.45","16363","54.55","Low"
"226","16","English Language Learner Status","ELL","591.457017446154","590.677717310426","586.251139611416","591.358209250746","327","162","49.5","165","50.5","Low"
"227","16","English Language Learner Status","Not ELL","593.390299888768","594.598990937298","589.195466386717","596.706038808511","5502","1828","33.2","3674","66.8","Middle"
"228","16","Gender","Female","594.631617411921","597.999199301437","589.567930825332","598.755928186265","2781","957","34.4","1824","65.6","Middle"
"229","16","Gender","Male","591.90930135073","590.721039373628","588.148343050726","593.475900174051","3048","1033","33.9","2015","66.1","Middle"
"230","16","Grade Level","3","597.1687012","597.1314697","591.6439209","596.4000244","457","191","41.8","266","58.2","Middle"
"231","16","Grade Level","4","595.9608765","595.7817383","590.9554443","594.6027832","430","172","40","258","60","Middle"
"232","16","Grade Level","5","593.7572632","595.1051636","585.6516113","596.6693726","472","156","33.1","316","66.9","Middle"
"233","16","Grade Level","6","587.5688477","587.9431152","586.5154419","595.5786133","350","96","27.4","254","72.6","Middle"
"234","16","Grade Level","7","590.1636353","593.7557983","590.0944824","599.4359741","288","72","25","216","75","High"
"235","16","Grade Level","8","590.7774658","593.3214111","588.2234497","594.223999","307","82","26.7","225","73.3","Middle"
"236","16","Race or Ethnicity","Asian",NA,NA,NA,NA,"134","53","39.6","81","60.4","Middle"
"237","16","Race or Ethnicity","Black","592.76691785111","594.273166532087","587.857901056914","595.93795881514","4102","1323","32.3","2779","67.7","Middle"
"238","16","Race or Ethnicity","Hispanic","593.101562591944","593.532759145345","589.658382045756","595.875537676764","1234","435","35.3","799","64.7","Middle"
"239","16","Race or Ethnicity","White",NA,NA,NA,NA,"229","128","55.9","101","44.1","Low"
"240","16","total","total","593.2818","594.379","589.0303","596.406","5829","1990","34.14","3839","65.86","Middle"
"241","17","English Language Learner Status","ELL","593.12492123608","589.720882712642","588.375002590033","593.994645603485","1953","885","45.3","1068","54.7","Low"
"242","17","English Language Learner Status","Not ELL","597.494877741613","599.616549470292","592.181655716187","601.164950832652","17199","5363","31.2","11836","68.8","Middle"
"243","17","Gender","Female","598.431237743618","601.222958966579","592.334755285082","603.361265639707","9723","3109","32","6614","68","Middle"
"244","17","Gender","Male","595.011253408856","594.776457609621","590.568595363877","596.516202077829","9429","3139","33.3","6290","66.7","Middle"
"245","17","Grade Level","3","598.208374","599.0562134","594.3243408","600.1276245","1198","505","42.2","693","57.8","Middle"
"246","17","Grade Level","4","596.2684937","597.2680054","591.1314087","595.15802","1173","441","37.6","732","62.4","Middle"
"247","17","Grade Level","5","594.7701416","596.0548706","588.1432495","598.9371338","1220","473","38.8","747","61.2","Middle"
"248","17","Grade Level","6","596.1542358","596.2566528","589.7219238","600.6781006","1389","430","31","959","69","Middle"
"249","17","Grade Level","7","596.5855713","599.130127","591.7449951","604.715332","1475","362","24.5","1113","75.5","High"
"250","17","Grade Level","8","598.414978","600.0462646","594.1810303","598.9667358","1533","410","26.7","1123","73.3","Middle"
"251","17","Race or Ethnicity","Asian","600.109710037975","595.317187076652","594.876230959901","597.896034765842","613","196","32","417","68","Middle"
"252","17","Race or Ethnicity","Black","596.28612098086","598.304060643974","590.909826419903","600.110461986641","13994","4376","31.3","9618","68.7","Middle"
"253","17","Race or Ethnicity","Hispanic","596.921399059027","596.686474062905","591.564351158837","598.761648322178","3357","1171","34.9","2186","65.1","Middle"
"254","17","Race or Ethnicity","White","601.687000792683","596.751016661633","596.352177891739","601.876109162832","668","310","46.4","358","53.6","Low"
"255","17","total","total","597.0493","598.6075","591.7935","600.4338","19152","6248","32.62","12904","67.38","Middle"
"256","18","English Language Learner Status","ELL","590.729305598726","587.103144710839","589.214155321788","592.105160663095","899","448","49.8","451","50.2","Low"
"257","18","English Language Learner Status","Not ELL","595.688380136571","598.029606173655","593.720076878892","600.318562919167","11026","3216","29.2","7810","70.8","Middle"
"258","18","Gender","Female","596.450842219184","600.4900272516","594.02581466553","602.914749097935","5689","1698","29.8","3991","70.2","Middle"
"259","18","Gender","Male","593.939782529286","593.590878276916","592.38999813585","596.098266154893","6236","1966","31.5","4270","68.5","Middle"
"260","18","Grade Level","3","597.8242188","598.1504517","598.3450317","599.8734741","878","282","32.1","596","67.9","Middle"
"261","18","Grade Level","4","595.8566284","595.6294556","592.7321167","595.8543701","931","330","35.4","601","64.6","Middle"
"262","18","Grade Level","5","594.6300659","596.9677734","593.7856445","600.0288696","1017","358","35.2","659","64.8","Middle"
"263","18","Grade Level","6","592.1585693","595.4547119","589.088501","600.6334839","943","323","34.3","620","65.7","Middle"
"264","18","Grade Level","7","594.1843872","597.0891724","591.0300293","601.1146851","946","278","29.4","668","70.6","Middle"
"265","18","Grade Level","8","596.6460571","598.9235229","594.8510132","598.8256836","1059","309","29.2","750","70.8","Middle"
"266","18","Race or Ethnicity","Asian","601.25893075625","594.527786238889","597.381367288136","602.163795217241","276","92","33.3","184","66.7","Middle"
"267","18","Race or Ethnicity","Black","595.177614359131","597.511371636464","593.306413566218","599.775822637268","9843","2976","30.2","6867","69.8","Middle"
"268","18","Race or Ethnicity","Hispanic","593.431765149888","594.640454082921","589.988209055457","597.303124627196","1122","314","28","808","72","Middle"
"269","18","Race or Ethnicity","White","595.207080584849","590.312833668718","594.350575425862","593.977269948295","461","217","47.1","244","52.9","Low"
"270","18","total","total","595.3145","597.2059","593.3804","599.6994","11925","3664","30.73","8261","69.27","Middle"
"271","19","English Language Learner Status","ELL","589.857987597917","588.184216459972","586.340501971329","590.065046905263","2674","985","36.8","1689","63.2","Middle"
"272","19","English Language Learner Status","Not ELL","592.032457253558","593.182577020445","588.544504788985","595.126276356796","16811","4542","27","12269","73","Middle"
"273","19","Gender","Female","592.405503169786","595.333258398661","588.281363368846","597.471363846717","9190","2490","27.1","6700","72.9","Middle"
"274","19","Gender","Male","590.72275023461","589.112161992842","587.766967861263","590.742055708982","10295","3037","29.5","7258","70.5","Middle"
"275","19","Grade Level","3","593.4707031","592.8953857","590.9525146","593.3656616","1431","460","32.1","971","67.9","Middle"
"276","19","Grade Level","4","594.064209","594.0528564","589.1100464","590.4620972","1480","446","30.1","1034","69.9","Middle"
"277","19","Grade Level","5","592.5806885","592.6245117","589.9659424","595.9274902","1540","438","28.4","1102","71.6","Middle"
"278","19","Grade Level","6","587.5401001","587.9472046","583.8774414","594.4125366","1423","395","27.8","1028","72.2","Middle"
"279","19","Grade Level","7","590.1520996","591.9650879","586.3318481","596.5999756","1564","421","26.9","1143","73.1","Middle"
"280","19","Grade Level","8","591.4656982","593.190918","588.4926758","593.1621704","1586","376","23.7","1210","76.3","High"
"281","19","Race or Ethnicity","Asian","604.175777920639","602.235459695264","601.943974102381","603.79552402381","1738","404","23.2","1334","76.8","High"
"282","19","Race or Ethnicity","Black","588.106360732002","590.055508649885","584.132169467618","591.666105641836","7909","2204","27.9","5705","72.1","Middle"
"283","19","Race or Ethnicity","Hispanic","592.489519445769","592.384097076237","588.350364918198","594.066357908191","9016","2662","29.5","6354","70.5","Middle"
"284","19","Race or Ethnicity","White","591.23000429","588.025516441837","587.57850532314","592.582684362205","376","131","34.8","245","65.2","Middle"
"285","19","total","total","591.734","592.4966","588.242","594.4317","19485","5527","28.37","13958","71.63","Middle"
"286","20","English Language Learner Status","ELL","608.17159258519","601.036359885819","604.258375509229","604.84962559588","11798","3572","30.3","8226","69.7","Middle"
"287","20","English Language Learner Status","Not ELL","611.734652147225","610.484221244032","607.86142539325","611.864074759781","37913","10686","28.2","27227","71.8","Middle"
"288","20","Gender","Female","609.751310538153","608.107574601156","605.11990403976","610.430001450341","23735","6666","28.1","17069","71.9","Middle"
"289","20","Gender","Male","609.971983635734","603.409900905618","606.72938766623","606.282930802953","25976","7592","29.2","18384","70.8","Middle"
"290","20","Grade Level","3","606.9562378","604.5018921","603.4459229","605.7567139","4089","1276","31.2","2813","68.8","Middle"
"291","20","Grade Level","4","609.456665","603.7994385","605.2941284","603.7851563","3942","1302","33","2640","67","Middle"
"292","20","Grade Level","5","609.6939697","604.9298096","604.8886719","607.9295044","3856","1305","33.8","2551","66.2","Middle"
"293","20","Grade Level","6","608.8014526","606.3242798","604.6530151","609.3348999","4066","1061","26.1","3005","73.9","High"
"294","20","Grade Level","7","611.1882324","607.508667","609.8430786","613.6635742","3978","899","22.6","3079","77.4","High"
"295","20","Grade Level","8","613.2734375","606.940918","607.8762207","609.0042725","4119","925","22.5","3194","77.5","High"
"296","20","Race or Ethnicity","Asian","617.670840091502","609.467325808479","614.32228996909","612.72973390822","22160","2540","11.5","19620","88.5","High"
"297","20","Race or Ethnicity","Black","600.793915868384","603.325579702791","594.910774877231","603.247093020349","1234","300","24.3","934","75.7","High"
"298","20","Race or Ethnicity","Hispanic","597.28796901246","597.116403951786","592.067565562706","599.475843585429","13765","5794","42.1","7971","57.9","Middle"
"299","20","Race or Ethnicity","White","608.146851007814","607.095891675289","604.223999828523","608.683527653924","11881","5385","45.3","6496","54.7","Low"
"300","20","total","total","610.889","608.2419","607.0063","610.1993","49711","14258","28.68","35453","71.32","Middle"
"301","21","English Language Learner Status","ELL","604.978155395793","599.572583838367","600.171717508908","602.151027782465","6776","2435","35.9","4341","64.1","Middle"
"302","21","English Language Learner Status","Not ELL","609.240884937107","608.62101030332","604.385906418982","608.820614504098","27389","7087","25.9","20302","74.1","High"
"303","21","Gender","Female","608.026965781121","608.201716863762","602.24311267253","609.034934297504","16688","4486","26.9","12202","73.1","Middle"
"304","21","Gender","Male","607.036096688372","602.210088045555","602.827166391844","603.259620781787","17477","5036","28.8","12441","71.2","Middle"
"305","21","Grade Level","3","603.1021729","602.0182495","599.4437866","601.3937378","2068","779","37.7","1289","62.3","Middle"
"306","21","Grade Level","4","603.5262451","600.8917847","599.8233643","598.0377197","2094","715","34.1","1379","65.9","Middle"
"307","21","Grade Level","5","604.3804321","602.453125","599.4672852","603.1352539","2077","734","35.3","1343","64.7","Middle"
"308","21","Grade Level","6","607.3981934","606.2614136","603.6063843","609.1507568","3299","1256","38.1","2043","61.9","Middle"
"309","21","Grade Level","7","610.3200684","608.434082","606.1281738","611.4223022","3160","974","30.8","2186","69.2","Middle"
"310","21","Grade Level","8","613.7597656","608.1464844","604.6002197","608.0985107","3172","957","30.2","2215","69.8","Middle"
"311","21","Race or Ethnicity","Asian","615.701687859012","609.960068469091","611.019874571012","611.061700540708","9050","1581","17.5","7469","82.5","High"
"312","21","Race or Ethnicity","Black","590.681633889955","593.115795888947","586.590007536876","594.647889349598","4494","793","17.6","3701","82.4","High"
"313","21","Race or Ethnicity","Hispanic","596.869027957251","596.96219499252","592.322768144013","598.399719175653","8875","2852","32.1","6023","67.9","Middle"
"314","21","Race or Ethnicity","White","611.326189579547","609.143449757739","606.105954558768","609.735282925006","10873","4054","37.3","6819","62.7","Middle"
"315","21","total","total","608.3955","606.8264","603.5501","607.4978","34165","9522","27.87","24643","72.13","Middle"
"316","22","English Language Learner Status","ELL","599.586487402041","596.169245837287","595.409003333052","597.819229273853","4134","2025","49","2109","51","Low"
"317","22","English Language Learner Status","Not ELL","602.752435296765","603.523716011464","598.486317357502","603.910195821768","27581","8496","30.8","19085","69.2","Middle"
"318","22","Gender","Female","602.327966640354","604.863474784927","597.352804849068","604.926800122845","15640","4950","31.6","10690","68.4","Middle"
"319","22","Gender","Male","601.409723590625","598.438993623584","597.704008108709","599.52449359645","16075","5571","34.7","10504","65.3","Middle"
"320","22","Grade Level","3","602.2165527","601.128479","598.7166138","600.9516602","2499","1114","44.6","1385","55.4","Low"
"321","22","Grade Level","4","602.5333862","600.9477539","599.1652222","598.3442993","2456","1001","40.8","1455","59.2","Middle"
"322","22","Grade Level","5","602.5813599","601.6717529","598.2079468","603.1073608","2549","1011","39.7","1538","60.3","Middle"
"323","22","Grade Level","6","598.9300537","600.6380005","593.9937134","603.1248779","1961","741","37.8","1220","62.2","Middle"
"324","22","Grade Level","7","600.2606201","602.0056763","596.6661377","606.46521","1980","642","32.4","1338","67.6","Middle"
"325","22","Grade Level","8","604.1557617","603.1380615","597.6699219","601.7247925","1983","479","24.2","1504","75.8","High"
"326","22","Race or Ethnicity","Asian","609.737180789591","606.520374319623","604.88461947417","606.498402281025","7166","1455","20.3","5711","79.7","High"
"327","22","Race or Ethnicity","Black","594.595742636202","596.790082576509","589.689580215362","598.204492185184","8590","2460","28.6","6130","71.4","Middle"
"328","22","Race or Ethnicity","Hispanic","596.089645720956","596.742281790249","591.554575341956","597.513920932539","4971","1725","34.7","3246","65.3","Middle"
"329","22","Race or Ethnicity","White","608.366969344955","606.482495283536","603.681927105452","605.734650923584","10125","4594","45.4","5531","54.6","Low"
"330","22","total","total","602.3398","602.5651","598.0852","603.1162","31715","10521","33.17","21194","66.83","Middle"
"331","23","English Language Learner Status","ELL","588.044979687037","584.494506173901","583.667823237716","589.17265418813","419","204","48.7","215","51.3","Low"
"332","23","English Language Learner Status","Not ELL","589.890873452159","590.903138912463","585.468074054737","593.355386211549","7401","2436","32.9","4965","67.1","Middle"
"333","23","Gender","Female","590.601955852794","593.358893170555","586.200520495137","596.387901199873","3502","1179","33.7","2323","66.3","Middle"
"334","23","Gender","Male","588.916547099547","587.581352472032","584.479231285043","589.931214248266","4318","1461","33.8","2857","66.2","Middle"
"335","23","Grade Level","3","588.4232178","590.3668823","585.5922241","588.2930298","607","212","34.9","395","65.1","Middle"
"336","23","Grade Level","4","587.8823242","587.8340454","581.3618774","586.1313477","600","200","33.3","400","66.7","Middle"
"337","23","Grade Level","5","587.7459106","590.1646729","581.7024536","590.5709229","643","194","30.2","449","69.8","Middle"
"338","23","Grade Level","6","590.5419312","587.1447144","584.4536743","595.43927","701","230","32.8","471","67.2","Middle"
"339","23","Grade Level","7","591.9923706","591.3532104","589.4277954","599.498291","752","218","29","534","71","Middle"
"340","23","Grade Level","8","591.5980225","595.0944824","588.4678955","595.7127075","818","249","30.4","569","69.6","Middle"
"341","23","Race or Ethnicity","Asian",NA,NA,NA,NA,"107","38","35.5","69","64.5","Middle"
"342","23","Race or Ethnicity","Black","589.565404355818","590.870759404674","585.253382680131","593.538770383968","5658","1850","32.7","3808","67.3","Middle"
"343","23","Race or Ethnicity","Hispanic","589.349989397941","588.467508807274","585.107977706573","591.792417340482","1771","631","35.6","1140","64.4","Middle"
"344","23","Race or Ethnicity","White",NA,NA,NA,NA,"128","63","49.2","65","50.8","Low"
"345","23","total","total","589.792","590.5598","585.3716","593.1313","7820","2640","33.76","5180","66.24","Middle"
"346","24","English Language Learner Status","ELL","596.509155281376","594.603128006073","589.598549967653","595.025086204653","12774","6949","54.4","5825","45.6","Low"
"347","24","English Language Learner Status","Not ELL","604.99590037541","605.10973864442","600.058957224989","605.437981495802","40286","16542","41.1","23744","58.9","Middle"
"348","24","Gender","Female","600.927105813967","602.992282745225","594.117544213973","603.137768184581","25222","10791","42.8","14431","57.2","Middle"
"349","24","Gender","Male","600.69264137611","597.400048769149","595.288817471472","598.122147378089","27838","12700","45.6","15138","54.4","Low"
"350","24","Grade Level","3","599.0984497","598.7305298","594.1141968","597.6188354","4326","2152","49.7","2174","50.3","Low"
"351","24","Grade Level","4","600.800354","598.3449097","593.8925171","595.2394409","4411","2171","49.2","2240","50.8","Low"
"352","24","Grade Level","5","601.5977783","599.6404419","595.0291138","601.0735474","4354","2068","47.5","2286","52.5","Low"
"353","24","Grade Level","6","600.9418945","599.8286133","593.2695313","602.3377075","4001","1639","41","2362","59","Middle"
"354","24","Grade Level","7","602.8001099","601.9249268","597.6323853","605.6487427","4279","1671","39.1","2608","60.9","Middle"
"355","24","Grade Level","8","598.9849854","602.5917358","594.161438","601.4683838","4309","1663","38.6","2646","61.4","Middle"
"356","24","Race or Ethnicity","Asian","614.274476421709","610.955370723604","609.78841842161","612.118303213987","10432","2769","26.5","7663","73.5","High"
"357","24","Race or Ethnicity","Black","593.452106712917","595.446355483262","589.529001279181","596.57425640429","1339","459","34.3","880","65.7","Middle"
"358","24","Race or Ethnicity","Hispanic","595.399841617623","595.244941139497","588.988915441043","595.574840724046","33751","16240","48.1","17511","51.9","Low"
"359","24","Race or Ethnicity","White","608.089919513267","607.314939922826","604.240050224521","608.004044626765","6720","3702","55.1","3018","44.9","Low"
"360","24","total","total","602.9527","602.5803","597.5407","602.9311","53060","23491","44.27","29569","55.73","Low"
"361","25","English Language Learner Status","ELL","608.886666020201","601.920060820434","605.076291184393","604.912561983736","7175","1971","27.5","5204","72.5","Middle"
"362","25","English Language Learner Status","Not ELL","609.539048889296","609.226375167976","605.797549716006","610.080852126279","28557","7921","27.7","20636","72.3","Middle"
"363","25","Gender","Female","609.493203808469","609.037376655685","605.216781429964","610.924809278161","17435","4726","27.1","12709","72.9","Middle"
"364","25","Gender","Male","609.034188674511","603.489243344579","605.677973912712","604.766325162088","18297","5166","28.2","13131","71.8","Middle"
"365","25","Grade Level","3","607.2164917","606.5761719","605.6079102","605.7931519","2857","874","30.6","1983","69.4","Middle"
"366","25","Grade Level","4","609.7785645","606.0011597","605.565979","603.3258057","2786","871","31.3","1915","68.7","Middle"
"367","25","Grade Level","5","611.4092407","606.774292","607.0373535","608.1477051","2626","854","32.5","1772","67.5","Middle"
"368","25","Grade Level","6","608.3399048","604.904541","603.5856934","608.9935913","2776","838","30.2","1938","69.8","Middle"
"369","25","Grade Level","7","609.4884033","606.9155884","606.8207397","612.8636475","2809","786","28","2023","72","Middle"
"370","25","Grade Level","8","609.2359619","605.991394","601.4433594","607.6266479","2886","800","27.7","2086","72.3","Middle"
"371","25","Race or Ethnicity","Asian","616.3315312404","609.911049892068","613.700994873553","612.344945647898","17643","2902","16.4","14741","83.6","High"
"372","25","Race or Ethnicity","Black","595.088845857831","596.409160212344","588.104408343374","597.320691662414","2291","543","23.7","1748","76.3","High"
"373","25","Race or Ethnicity","Hispanic","597.939380648298","599.441171802333","592.438252779007","599.524709333964","11166","4329","38.8","6837","61.2","Middle"
"374","25","Race or Ethnicity","White","606.817033227077","607.048238315904","603.894819998904","608.776337895317","3811","1890","49.6","1921","50.4","Low"
"375","25","total","total","609.4081","607.7593","605.6527","609.0431","35732","9892","27.68","25840","72.32","Middle"
"376","26","English Language Learner Status","ELL","613.32555185542","607.213254187464","610.595891285762","609.811540394232","2929","667","22.8","2262","77.2","High"
"377","26","English Language Learner Status","Not ELL","615.099009413988","614.431835938811","612.123559508381","615.40559412699","27692","6882","24.9","20810","75.1","High"
"378","26","Gender","Female","614.976253676091","615.717741902975","611.214332250364","616.58703455665","14940","3602","24.1","11338","75.9","High"
"379","26","Gender","Male","614.302522732127","609.776506499033","612.145292483629","611.521830270681","15681","3947","25.2","11734","74.8","High"
"380","26","Grade Level","3","611.9211426","612.6002197","611.1167603","612.0575562","1821","689","37.8","1132","62.2","Middle"
"381","26","Grade Level","4","615.661499","610.9394531","611.4505005","610.8007202","1722","620","36","1102","64","Middle"
"382","26","Grade Level","5","614.911377","612.3618774","612.2792969","612.3057251","1789","677","37.8","1112","62.2","Middle"
"383","26","Grade Level","6","615.3510132","613.1170044","611.1166992","614.4199219","1927","653","33.9","1274","66.1","Middle"
"384","26","Grade Level","7","615.5891113","614.3452148","614.2324219","619.1868896","1994","571","28.6","1423","71.4","Middle"
"385","26","Grade Level","8","613.706604","612.2587891","607.710144","614.4803467","2162","587","27.2","1575","72.8","Middle"
"386","26","Race or Ethnicity","Asian","619.452801946089","615.691297052467","616.718391132373","617.258128708202","16456","2975","18.1","13481","81.9","High"
"387","26","Race or Ethnicity","Black","603.346150492674","606.304705788552","598.316419235266","606.987340228481","3376","780","23.1","2596","76.9","High"
"388","26","Race or Ethnicity","Hispanic","603.342653438531","605.352485123629","600.015769966556","605.875933699023","5456","1595","29.2","3861","70.8","Middle"
"389","26","Race or Ethnicity","White","609.808369845006","609.29684248142","605.111858070868","609.1591015","4394","1925","43.8","2469","56.2","Middle"
"390","26","total","total","614.9294","613.7414","611.9774","614.8705","30621","7549","24.65","23072","75.35","High"
"391","27","English Language Learner Status","ELL","595.60528512087","594.094028601255","590.289986741303","594.961215150572","4530","1545","34.1","2985","65.9","Middle"
"392","27","English Language Learner Status","Not ELL","599.849387932562","600.987913485562","594.491767095059","601.254207987472","37345","10364","27.8","26981","72.2","Middle"
"393","27","Gender","Female","599.633272396426","602.865258156978","593.493164678157","603.225470284083","19970","5585","28","14385","72","Middle"
"394","27","Gender","Male","598.281987307195","596.523489658958","593.616324899085","596.929609095758","21905","6324","28.9","15581","71.1","Middle"
"395","27","Grade Level","3","600.4314575","600.9141235","595.362915","597.6374512","3046","1015","33.3","2031","66.7","Middle"
"396","27","Grade Level","4","600.4318848","598.0825806","593.3328857","594.2497559","3145","954","30.3","2191","69.7","Middle"
"397","27","Grade Level","5","600.3270874","599.9862061","593.072937","599.3233643","3180","1003","31.5","2177","68.5","Middle"
"398","27","Grade Level","6","598.0454712","598.1084595","591.987854","601.6100464","3407","1045","30.7","2362","69.3","Middle"
"399","27","Grade Level","7","599.1795044","600.2751465","595.0733643","604.4699707","3452","916","26.5","2536","73.5","High"
"400","27","Grade Level","8","592.4509888","600.4044189","591.5961304","601.3634033","3660","1035","28.3","2625","71.7","Middle"
"401","27","Race or Ethnicity","Asian","606.797753614175","606.25325079641","602.13608829253","606.829383608074","9426","1635","17.3","7791","82.7","High"
"402","27","Race or Ethnicity","Black","591.63981390782","593.359232289519","585.851836787336","593.820411760979","8793","2024","23","6769","77","High"
"403","27","Race or Ethnicity","Hispanic","596.697426326446","597.251509992996","590.91648881539","597.747151261677","17023","5318","31.2","11705","68.8","Middle"
"404","27","Race or Ethnicity","White","605.2314960561","605.935958276017","599.70452859858","605.36762316196","4171","2465","59.1","1706","40.9","Low"
"405","27","total","total","599.3903","600.2421","594.0372","600.5734","41875","11909","28.44","29966","71.56","Middle"
"406","28","English Language Learner Status","ELL","597.488269552228","594.100061000925","592.778797738535","596.091944770805","4419","1682","38.1","2737","61.9","Middle"
"407","28","English Language Learner Status","Not ELL","605.031261674633","605.019215206505","601.49487322403","606.506629543667","34034","8234","24.2","25800","75.8","High"
"408","28","Gender","Female","604.063315641792","605.855366900945","598.881167700761","607.139810347484","19117","4724","24.7","14393","75.3","High"
"409","28","Gender","Male","602.379875268225","599.289227117675","599.736914017746","601.087579658106","19336","5192","26.9","14144","73.1","Middle"
"410","28","Grade Level","3","603.4813843","603.2333984","601.9995117","603.1947021","2503","971","38.8","1532","61.2","Middle"
"411","28","Grade Level","4","604.1690063","602.3136597","599.5200195","600.1660767","2506","908","36.2","1598","63.8","Middle"
"412","28","Grade Level","5","603.935791","602.8128662","598.7991943","604.5531006","2543","922","36.3","1621","63.7","Middle"
"413","28","Grade Level","6","602.3258667","600.904541","597.7515869","604.416687","2484","802","32.3","1682","67.7","Middle"
"414","28","Grade Level","7","603.5199585","603.4084473","599.9260254","608.5884399","2550","681","26.7","1869","73.3","Middle"
"415","28","Grade Level","8","598.7797241","602.2565918","594.7984009","603.2553711","2571","743","28.9","1828","71.1","Middle"
"416","28","Race or Ethnicity","Asian","612.041520197199","609.56468082467","608.387124871589","611.008384933814","12043","2146","17.8","9897","82.2","High"
"417","28","Race or Ethnicity","Black","594.59014391172","596.464316221691","589.209170581687","597.852335776082","7054","1642","23.3","5412","76.7","High"
"418","28","Race or Ethnicity","Hispanic","596.622467538505","596.619190243518","591.409034571675","597.682210546461","11099","3269","29.5","7830","70.5","Middle"
"419","28","Race or Ethnicity","White","608.538970478167","606.570015770966","607.384056080675","608.211849811419","5712","2324","40.7","3388","59.3","Middle"
"420","28","total","total","604.1644","603.7644","600.4932","605.3098","38453","9916","25.79","28537","74.21","High"
"421","29","English Language Learner Status","ELL","592.858789675","593.093772568004","587.987794858755","593.237661152978","2346","919","39.2","1427","60.8","Middle"
"422","29","English Language Learner Status","Not ELL","595.309706658069","598.124041230235","592.566443831375","600.245026586468","21097","5614","26.6","15483","73.4","High"
"423","29","Gender","Female","596.156156943954","600.889990590314","592.177197120837","602.700312571451","11223","3057","27.2","8166","72.8","Middle"
"424","29","Gender","Male","593.775107141352","594.048659368303","591.40572195122","595.812005771694","12220","3476","28.4","8744","71.6","Middle"
"425","29","Grade Level","3","596.7944336","599.2971191","595.0618896","598.5405273","2084","594","28.5","1490","71.5","Middle"
"426","29","Grade Level","4","595.6169434","599.0216064","591.6820068","595.0285034","2104","577","27.4","1527","72.6","Middle"
"427","29","Grade Level","5","596.7542114","599.0738525","593.2528076","600.7323608","2237","592","26.5","1645","73.5","High"
"428","29","Grade Level","6","591.3423462","592.3424072","589.3078003","599.80896","2111","596","28.2","1515","71.8","Middle"
"429","29","Grade Level","7","593.3977051","597.6800537","591.2300415","602.6193848","2174","648","29.8","1526","70.2","Middle"
"430","29","Grade Level","8","595.9720459","596.9329224","588.9812622","597.4949341","2255","627","27.8","1628","72.2","Middle"
"431","29","Race or Ethnicity","Asian","605.438926915749","605.18607478862","602.120432331849","606.514328262544","4072","674","16.6","3398","83.4","High"
"432","29","Race or Ethnicity","Black","592.598259150574","596.100801780779","589.667690952054","597.928059602942","13345","3941","29.5","9404","70.5","Middle"
"433","29","Race or Ethnicity","Hispanic","591.844552168862","594.186297868583","587.108572915714","594.645140443647","4245","1484","35","2761","65","Middle"
"434","29","Race or Ethnicity","White","596.11588636824","594.434959345935","589.078123071354","596.000012194634","467","156","33.4","311","66.6","Middle"
"435","29","total","total","595.0644","597.6206","592.1082","599.5438","23443","6533","27.87","16910","72.13","Middle"
"436","30","English Language Learner Status","ELL","599.866843790839","597.344216164969","593.624635521968","599.356630649626","6394","3253","50.9","3141","49.1","Low"
"437","30","English Language Learner Status","Not ELL","607.806730012434","608.220707343074","603.546482282538","609.682119114119","29898","11442","38.3","18456","61.7","Middle"
"438","30","Gender","Female","605.058728049093","606.929670877593","599.171526062742","608.624082473908","18033","7110","39.4","10923","60.6","Middle"
"439","30","Gender","Male","604.292540667816","601.369459153786","599.93826137876","603.057394877787","18259","7585","41.5","10674","58.5","Middle"
"440","30","Grade Level","3","602.0691528","603.6099243","598.7818604","603.0915527","2619","1268","48.4","1351","51.6","Low"
"441","30","Grade Level","4","603.2963257","601.3306885","599.4490356","601.8439331","2657","1272","47.9","1385","52.1","Low"
"442","30","Grade Level","5","603.8358765","604.3944702","598.7480469","605.3323364","2823","1269","45","1554","55","Low"
"443","30","Grade Level","6","604.6553955","603.1958618","599.1397095","607.5084229","3053","1298","42.5","1755","57.5","Middle"
"444","30","Grade Level","7","605.5974731","605.793335","601.4794922","609.6295776","3056","1202","39.3","1854","60.7","Middle"
"445","30","Grade Level","8","608.6061401","606.1977539","599.713623","606.7319336","3164","1190","37.6","1974","62.4","Middle"
"446","30","Race or Ethnicity","Asian","615.911176376228","613.113890955284","612.126968327461","614.826370670153","7712","2116","27.4","5596","72.6","Middle"
"447","30","Race or Ethnicity","Black","591.871603514714","594.254097523406","587.704073455669","596.767689700211","2289","641","28","1648","72","Middle"
"448","30","Race or Ethnicity","Hispanic","599.588651284169","599.035069665958","593.569565679852","600.989881933062","19132","8695","45.4","10437","54.6","Low"
"449","30","Race or Ethnicity","White","611.229208396091","612.186259490284","606.29082790821","611.787146250879","6176","2851","46.2","3325","53.8","Low"
"450","30","total","total","606.4079","606.3045","601.7984","607.863","36292","14695","40.49","21597","59.51","Middle"
"451","31","English Language Learner Status","ELL","598.666005077063","597.141383154178","596.450559471277","600.623801861913","4360","1943","44.6","2417","55.4","Low"
"452","31","English Language Learner Status","Not ELL","602.329037174119","603.988150226465","598.87746290807","604.884568718058","55255","22631","41","32624","59","Middle"
"453","31","Gender","Female","602.270007514013","606.221428698737","598.012191250019","607.175816616115","29132","11806","40.5","17326","59.5","Middle"
"454","31","Gender","Male","601.263370049255","599.852265592579","598.77203594338","601.19122626906","30483","12768","41.9","17715","58.1","Middle"
"455","31","Grade Level","3","600.8944702","603.286438","598.3823242","603.163147","4411","2292","52","2119","48","Low"
"456","31","Grade Level","4","602.1928101","600.8848267","597.6938477","599.0082397","4481","2312","51.6","2169","48.4","Low"
"457","31","Grade Level","5","601.742981","602.753418","598.4762573","604.4450073","4493","2275","50.6","2218","49.4","Low"
"458","31","Grade Level","6","600.8568726","602.9492188","597.4416504","605.4645386","4293","1938","45.1","2355","54.9","Low"
"459","31","Grade Level","7","601.5736694","604.0272217","600.9776611","608.7386475","4336","1728","39.9","2608","60.1","Middle"
"460","31","Grade Level","8","603.7020874","603.9519653","596.8023682","604.1055908","4425","1821","41.2","2604","58.8","Middle"
"461","31","Race or Ethnicity","Asian","613.413950048039","611.2063676374","610.834770084098","612.121833610984","7764","1413","18.2","6351","81.8","High"
"462","31","Race or Ethnicity","Black","589.045755688751","592.334779324768","584.056099133037","592.7085576295","7262","2855","39.3","4407","60.7","Middle"
"463","31","Race or Ethnicity","Hispanic","594.658391627062","596.802482717072","590.082367811123","597.515040688891","17592","7174","40.8","10418","59.2","Middle"
"464","31","Race or Ethnicity","White","607.068285601622","607.929060460666","604.251999215683","609.30627509155","25441","12470","49","12971","51","Low"
"465","31","total","total","602.0611","603.4874","598.7","604.573","59615","24574","41.22","35041","58.78","Middle"
"466","32","English Language Learner Status","ELL","588.90616645748","587.693947848242","581.350608491687","586.820256880777","2241","1192","53.2","1049","46.8","Low"
"467","32","English Language Learner Status","Not ELL","596.812783203082","597.731486824496","590.847279535307","599.480238617467","7591","2620","34.5","4971","65.5","Middle"
"468","32","Gender","Female","594.404291421253","597.409363264124","586.045145284954","598.048171915213","4746","1818","38.3","2928","61.7","Middle"
"469","32","Gender","Male","593.700514620312","591.474511980106","587.508550916088","591.962451905363","5086","1994","39.2","3092","60.8","Middle"
"470","32","Grade Level","3","593.25","592.3257446","590.1900635","590.9812012","671","328","48.9","343","51.1","Low"
"471","32","Grade Level","4","592.6130371","590.8512573","580.9855957","585.3267212","679","319","47","360","53","Low"
"472","32","Grade Level","5","592.3306274","592.5820313","584.5095825","593.6851196","790","347","43.9","443","56.1","Middle"
"473","32","Grade Level","6","593.7106934","594.4906006","586.305603","596.7045288","952","381","40","571","60","Middle"
"474","32","Grade Level","7","594.4210815","596.8899536","589.9391479","600.815979","962","369","38.4","593","61.6","Middle"
"475","32","Grade Level","8","597.4102783","597.8345337","588.7999878","597.6488647","1022","409","40","613","60","Middle"
"476","32","Race or Ethnicity","Asian","608.65413901203","604.096292224444",NA,"605.712765941489","218","51","23.4","167","76.6","High"
"477","32","Race or Ethnicity","Black","594.303355995502","597.3165571384","588.838189228909","599.391789389416","1601","467","29.2","1134","70.8","Middle"
"478","32","Race or Ethnicity","Hispanic","593.292480366882","593.265234549841","585.703727807232","593.300315319554","7659","3162","41.3","4497","58.7","Middle"
"479","32","Race or Ethnicity","White","600.957265477778","600.46825929127",NA,"604.775867868103","265","111","41.9","154","58.1","Middle"
"480","32","total","total","595.0106","595.4436","588.6827","596.5947","9832","3812","38.77","6020","61.23","Middle"
